"Tor","4","14","76","13","62","104","10","199"
"Stein","4","4","146","130","1","0","145","182"
"Eva","4","16","0","0","9","218","10","10"
"Stofer","4","108","3","117","14","94","0","29"
"Per","4","21","85","3","0","114","20","17"
"Per","2","99","5","121","4","194","125","47"
"Stofer","2","11","0","189","1","142","0","177"
"Eva","2","8","23","27","0","119","102","102"
"Stein","2","0","16","17","4","118","101","16"
"Tor","2","17","8","0","2","0","112","131"
"Eli","2","13","38","127","103","121","179","0"
"Per","3","89","194","2","128","106","113","0"
"Stofer","3","71","171","0","216","123","141","244"
"Eva","3","23","51","22","5","0","0","34"
"Stein","3","16","33","135","4","27","140","1"
"Tor","3","85","0","12","11","227","172","145"
"Eli","3","0","74","7","0","145","218","7"
"Eli","4","0","16","33","1","111","22","0"
"Eli","233","4","140","1","11","0","29","140"
"Tor","233","1","0","1","1","126","114","22"
"Stein","233","11","6","125","121","217","12","11"
"Eva","233","1","23","0","0","124","144","19"
"Stofer","233","0","77","1","10","87","0","0"
"Tor","234","52","0","161","1","22","0","187"
"Stein","234","19","88","68","6","0","85","0"
"Eva","234","0","124","22","67","5","198","24"
"Stofer","234","5","100","0","3","5","120","147"
"Per","234","5","87","10","0","9","142","230"
"Stofer","7","12","0","10","2","95","146","4"
"Stein","7","12","5","98","4","4","0","0"
"Tor","7","4","9","4","0","0","84","17"
"Eli","7","0","2","0","174","82","92","7"
"Stofer","8","0","0","171","0","0","12","110"
"Stein","8","69","16","1","16","11","0","0"
"Tor","8","5","7","0","7","3","12","205"
"Eli","8","12","73","6","6","128","14","8"
"Stein","9","7","0","110","186","0","28","207"
"Stofer","9","2","18","13","19","132","198","20"
"Tor","9","0","13","0","0","153","175","177"
"Eli","9","8","3","25","5","148","0","0"
"Stein","10","1","137","66","0","89","0","180"
"Stofer","10","0","11","23","6","20","4","15"
"Tor","10","1","0","0","15","0","119","0"
"Eli","10","4","52","244","165","180","28","149"
"Tor","13","3","4","0","0","0","188","100"
"Stein","13","0","92","3","14","170","13","146"
"Stofer","13","3","5","11","4","30","0","0"
"Stofer","12","3","2","1","8","132","109","4"
"Stein","12","6","6","4","1","3","22","0"
"Tor","12","7","0","0","0","96","0","3"
"Eli","12","0","119","1","1","0","176","257"
"Eli","13","11","0","2","155","5","147","204"
"Tor","16","4","114","146","1","23","41","7"
"Hugo","16","12","34","0","27","145","1","0"
"Anne","16","0","11","114","0","139","9","128"
"Stofer","16","2","26","176","8","34","154","113"
"Anne","17","3","15","68","140","11","26","0"
"Stofer","17","18","149","78","0","4","0","7"
"Eli","16","6","0","99","2","94","0","119"
"Stein","16","11","2","31","108","0","20","10"
"Hugo","17","6","96","13","16","0","223","184"
"Tor","17","0","0","0","6","31","121","39"
"Stein","17","17","10","145","55","132","146","195"
"Eli","17","28","138","123","134","168","6","182"
"Stein","18","47","13","11","0","0","125","6"
"Stofer","18","0","8","0","1","189","92","0"
"Tor","18","10","0","5","65","130","0","20"
"Eli","18","15","4","8","3","8","146","6"
"Tor","20","11","0","0","65","85","0","165"
"Stofer","20","5","102","98","26","0","142","157"
"Stein","20","0","12","62","0","141","119","105"
"Eli","20","8","10","209","2","79","202","0"
"Stein","21","25","4","0","13","121","0","160"
"Stofer","21","0","30","2","169","7","97","19"
"Tor","21","16","0","1","6","3","146","0"
"Eli","21","8","3","4","0","0","141","10"
"Stofer","22","0","1","7","97","0","0","0"
"Anne","22","8","14","3","9","141","81","136"
"Hugo","22","11","0","1","0","71","171","53"
"Eli","22","11","31","0","20","169","75","10"
"Stofer","23","11","122","0","0","3","0","2"
"Anne","23","8","10","79","114","99","4","1"
"Hugo","23","0","0","184","8","107","6","0"
"Eli","23","5","11","161","10","0","6","12"
"Eva","24","5","1","26","0","13","0","219"
"Tor","24","3","22","146","146","0","5","0"
"Stein","24","3","8","45","89","123","8","9"
"Stofer","24","3","13","30","1","122","12","158"
"Eli","24","0","0","0","6","7","8","9"
"Eva","25","5","22","1","4","14","5","0"
"Tor","25","18","1","143","13","7","0","8"
"Stein","25","4","0","0","29","0","36","157"
"Stofer","25","0","8","22","8","7","37","15"
"Eli","25","143","182","1","0","166","11","20"
"Eva","26","56","7","15","149","0","293","30"
"Stofer","26","0","3","0","0","4","115","0"
"Eli","26","70","0","2","64","115","0","190"
"Eva","27","14","1","0","163","38","11","233"
"Stein","27","3","0","138","20","11","112","12"
"Stofer","27","0","23","4","0","0","150","14"
"Eli","27","12","22","30","149","10","2","154"
"Tor","27","6","75","3","101","12","0","0"
"Per","28","5","0","4","3","23","177","0"
"Stofer","28","16","129","4","165","134","3","10"
"Lou","28","9","33","16","145","125","0","4"
"Tor","28","9","8","0","0","22","24","185"
"Eli","28","0","68","14","4","0","1","3"
"Per","29","7","8","0","154","3","23","177"
"Stofer","29","0","7","21","2","13","0","165"
"Stein","29","6","16","20","1","20","109","178"
"Eva","29","5","10","9","0","0","4","0"
"Tor","29","80","0","9","1","10","69","195"
"Eli","29","2","11","1","181","6","81","219"
"Stein","30","3","1","150","0","1","0","135"
"Eva","30","41","7","74","130","1","147","165"
"Stofer","30","0","0","14","4","1","147","0"
"Eli","30","153","5","0","8","0","154","17"
"Per","31","10","34","21","181","10","0","4"
"Stofer","31","9","0","156","1","0","205","180"
"Stein","31","8","26","0","6","17","118","140"
"Eva","31","59","17","40","0","133","21","0"
"Tor","31","106","6","127","6","110","133","210"
"Eli","31","0","9","12","5","101","143","34"
"Per","32","90","27","18","0","15","193","5"
"Stofer","32","71","0","0","190","14","151","0"
"Stein","32","33","22","17","130","0","0","7"
"Eva","32","114","10","161","98","10","16","142"
"Tor","32","24","88","106","25","4","196","14"
"Eli","32","0","14","107","95","210","15","5"
"Stofer","33","1","0","4","4","166","8","6"
"Eva","33","16","4","15","4","136","151","0"
"Tor","33","2","20","0","0","131","0","7"
"Eli","33","0","106","14","2","0","1","5"
"Stofer","34","1","7","185","102","163","19","8"
"Stein","34","0","0","4","8","1","0","169"
"Tor","34","124","28","163","4","10","195","22"
"Eva","34","13","4","3","0","0","60","4"
"Eli","34","7","80","0","3","119","6","0"
"Stofer","35","0","0","99","93","1","30","4"
"Stein","35","6","16","152","82","0","0","0"
"Tor","35","1","129","0","51","4","139","4"
"Eva","35","10","6","114","0","2","147","165"
"Eli","35","2","1","99","162","7","8","3"
"Eva","38","3","0","14","0","3","123","0"
"Tor","38","10","70","0","4","12","115","177"
"Stein","38","13","6","26","108","0","150","174"
"Stofer","38","12","23","24","7","123","87","264"
"Eli","38","0","13","7","21","5","0","20"
"Stofer","39","0","31","176","1","149","15","0"
"Stein","39","4","0","97","0","131","1","121"
"Tor","39","6","5","16","8","136","10","221"
"Eva","39","7","1","29","74","92","0","205"
"Eli","39","1","21","0","12","0","169","148"
"Stofer","40","10","138","81","144","2","178","1"
"Eva","40","0","0","0","10","0","31","1"
"Eli","40","3","116","171","0","10","0","0"
"Stofer","41","0","120","145","0","167","10","0"
"Eva","41","8","0","2","114","0","0","229"
"Eli","41","11","19","0","3","115","18","36"
"Stofer","42","4","7","97","8","147","94","147"
"Eva","42","4","1","114","0","158","0","0"
"Eli","42","0","0","0","3","0","140","15"
"Eva","43","8","15","1","93","4","21","0"
"Lou","43","0","6","0","84","35","35","34"
"Stein","43","9","0","75","6","12","9","192"
"Eli","43","2","7","4","0","0","0","1"
"Stofer","44","0","122","0","0","142","0","209"
"Eva","44","4","168","73","25","16","152","183"
"Eli","44","2","0","14","12","0","12","0"
"Stofer","45","0","11","0","116","180","164","5"
"Eva","45","4","0","16","6","176","132","19"
"Eli","45","16","10","9","0","0","0","0"
"Stofer","46","0","139","6","187","108","159","7"
"Stein","46","14","21","0","0","0","139","0"
"Tor","46","132","13","9","148","117","0","289"
"Eli","46","18","0","12","15","5","15","6"
"Stofer","47","0","123","0","103","0","16","214"
"Stein","47","9","14","106","8","163","0","130"
"Tor","47","12","1","150","0","92","16","0"
"Eli","47","11","0","122","8","14","5","186"
"Stofer","48","0","104","0","0","0","0","35"
"Eva","48","5","27","22","28","6","239","30"
"Eli","48","6","0","13","16","132","123","0"
"Stofer","49","0","5","0","0","0","0","28"
"Eva","49","169","0","121","14","16","10","0"
"Eli","49","19","3","82","7","1","16","1"
"Stofer","50","1","1","108","0","0","124","188"
"Eva","50","7","0","0","54","2","0","136"
"Eli","50","0","6","18","16","19","141","0"
"Eva","51","4","16","14","16","36","9","0"
"Eli","51","0","2","0","108","17","25","181"
"Stofer","51","93","5","33","23","0","0","192"
"Lou","51","25","4","14","0","194","12","104"
"Per","51","27","0","140","81","21","117","198"
"Eva","52","1","6","9","0","13","0","0"
"Eli","52","1","35","3","1","4","166","105"
"Stofer","52","0","0","108","1","0","176","173"
"Lou","52","2","4","0","1","120","9","17"
"Per","52","4","10","136","1","252","152","135"
"Stofer","53","118","1","0","0","96","8","0"
"Stein","53","8","4","151","132","0","5","6"
"Eva","53","8","0","69","132","163","3","23"
"Tor","53","0","15","9","176","92","0","4"
"Eli","53","4","12","141","30","29","55","11"
"Stofer","54","92","4","0","142","4","185","190"
"Stein","54","10","25","9","26","0","19","0"
"Eva","54","5","0","119","26","201","1","20"
"Tor","54","0","1","172","0","143","0","175"
"Eli","54","13","9","117","160","9","252","7"
"Stofer","55","5","5","27","0","24","150","0"
"Stein","55","1","0","14","5","125","9","125"
"Eva","55","0","5","14","120","0","15","30"
"Tor","55","15","12","149","19","106","0","1"
"Eli","55","7","1","0","92","171","17","16"
"Stofer","56","18","25","1","4","3","0","179"
"Stein","56","0","39","4","0","0","198","149"
"Eva","56","218","33","0","16","1","13","38"
"Tor","56","63","0","5","4","3","8","0"
"Eli","56","14","139","13","213","109","6","185"
"Stofer","57","19","3","2","5","19","141","13"
"Stein","57","6","0","77","9","0","63","0"
"Tor","57","51","3","0","0","189","96","152"
"Eva","57","0","5","15","23","1","0","22"
"Eli","57","111","7","173","105","79","151","181"
"Tor","58","6","83","158","0","1","0","21"
"Eva","58","5","0","5","7","0","215","5"
"Stofer","58","0","29","0","127","10","104","0"
"Eli","58","1","96","6","15","8","75","11"
"Tor","59","0","11","66","0","0","151","199"
"Stofer","59","1","7","0","111","15","126","1"
"Eli","59","14","0","63","68","4","0","0"
"Stofer","60","0","5","18","67","103","5","144"
"Eva","60","6","83","117","8","141","0","115"
"Eli","60","13","0","0","0","0","102","0"
"Stein","61","0","3","0","5","0","116","224"
"Eva","61","17","0","55","79","137","193","135"
"Eli","61","8","90","84","0","130","0","0"
"Stofer","62","0","0","138","138","91","145","0"
"Stein","62","26","13","91","27","2","8","128"
"Tor","62","29","15","0","6","0","0","99"
"Eva","62","104","8","115","133","118","7","135"
"Eli","62","26","17","136","0","100","152","7"
"Stofer","63","18","27","0","0","9","3","19"
"Stein","63","6","14","14","21","1","0","184"
"Tor","63","0","7","28","109","1","36","5"
"Eva","63","4","5","32","109","0","1","0"
"Eli","63","8","0","120","12","8","109","5"
"Stofer","64","0","0","0","145","0","195","131"
"Eva","64","2","1","8","165","1","127","0"
"Eli","64","9","66","10","0","35","0","179"
"Stofer","65","49","2","1","19","0","71","183"
"Eva","65","0","1","26","0","111","169","130"
"Eli","65","26","0","0","9","62","0","0"
"Stofer","66","110","0","103","54","0","0","133"
"Eva","66","0","74","159","0","131","33","86"
"Eli","66","29","95","0","104","74","4","0"
"Stofer","67","0","156","12","104","112","0","0"
"Eva","67","6","6","7","0","0","144","179"
"Eli","67","4","0","0","1","121","158","152"
"Stofer","68","0","0","28","1","0","19","0"
"Eva","68","2","119","3","0","132","15","190"
"Eli","68","15","112","0","1","21","0","81"
"Stofer","69","0","136","0","66","4","0","24"
"Eva","69","11","21","7","0","0","162","159"
"Eli","69","12","0","1","77","104","124","0"
"Stein","70","1","1","0","113","0","109","6"
"Eva","70","0","0","86","0","5","89","1"
"Eli","70","6","1","14","15","67","0","0"
"Stofer","71","0","0","130","0","0","71","203"
"Eva","71","5","4","0","70","188","0","0"
"Eli","71","6","7","168","16","114","134","163"
"Stofer","72","2","0","105","0","0","96","0"
"Eva","72","7","33","33","102","17","103","162"
"Eli","72","0","4","0","17","3","0","144"
"Stofer","73","0","12","0","1","105","0","0"
"Eva","73","2","9","4","0","104","149","110"
"Eli","73","1","0","2","1","0","158","129"
"Stofer","74","2","0","35","7","195","208","26"
"Eva","74","3","1","40","0","93","90","0"
"Eli","74","0","1","0","18","0","0","201"
"Stein","75","4","11","9","0","93","95","195"
"Tor","75","3","1","44","122","123","10","140"
"Eva","75","11","8","1","12","130","0","0"
"Stofer","75","6","0","1","11","123","153","179"
"Eli","75","0","169","0","7","0","17","122"
"Stofer","76","1","3","0","4","146","21","149"
"Stein","76","5","130","21","129","78","14","0"
"Tor","76","10","0","22","6","0","14","11"
"Eva","76","0","82","9","0","180","13","3"
"Eli","76","4","2","144","5","11","0","20"
"Stofer","77","0","0","4","6","0","1","0"
"Stein","77","11","13","15","4","1","16","125"
"Tor","77","14","54","4","4","7","0","106"
"Eva","77","9","28","0","0","13","132","127"
"Eli","77","22","114","11","3","17","6","8"
"Stofer","78","0","3","7","136","32","0","128"
"Tor","78","58","13","4","1","194","12","115"
"Stein","78","150","12","11","1","14","174","0"
"Eva","78","23","5","9","14","0","13","204"
"Eli","78","2","0","0","0","4","4","201"
"Stofer","79","1","101","12","0","139","172","172"
"Stein","79","7","0","0","227","89","159","119"
"Tor","79","8","3","22","121","188","121","196"
"Eva","79","1","133","115","72","118","3","32"
"Eli","79","0","29","58","142","0","0","0"
"Stofer","80","0","8","20","6","118","127","0"
"Stein","80","5","35","10","7","0","15","235"
"Tor","80","8","0","1","0","101","110","13"
"Eva","80","77","9","94","80","18","27","19"
"Eli","80","14","24","0","19","8","0","6"
"Stofer","81","1","0","10","16","197","20","19"
"Eva","81","7","1","0","107","132","18","0"
"Tor","81","0","2","3","6","86","17","219"
"Eli","81","15","10","4","0","0","0","7"
"Stofer","82","0","12","1","5","9","142","0"
"Tor","82","17","3","3","8","61","0","149"
"Stein","82","68","1","0","0","13","21","120"
"Eva","82","122","77","19","107","7","29","148"
"Eli","82","15","0","24","8","0","18","157"
"Stofer","83","4","1","11","0","4","231","10"
"Eva","83","6","0","7","7","5","31","0"
"Eli","83","0","30","0","7","0","0","24"
"Stofer","84","0","108","0","124","0","209","0"
"Eva","84","81","0","28","0","1","0","13"
"Anne","84","13","16","5","10","158","193","112"
"Stofer","85","208","0","17","0","0","0","0"
"Eva","85","0","21","0","9","20","175","22"
"Eli","85","13","1","33","8","117","11","128"
"Stofer","86","0","10","95","21","0","168","182"
"Eva","86","96","51","1","141","31","2","23"
"Stein","86","15","0","0","0","168","210","112"
"Tor","86","20","140","38","6","139","10","0"
"Eli","86","9","27","10","152","125","0","173"
"Stofer","87","0","12","0","0","0","0","155"
"Eva","87","2","0","153","2","141","126","152"
"Eli","87","1","1","89","1","9","94","0"
"Stofer","88","0","83","43","6","128","6","8"
"Stein","88","21","19","19","4","106","0","139"
"Tor","88","1","0","42","0","0","210","0"
"Eva","88","8","191","1","11","192","139","211"
"Eli","88","1","107","0","4","7","3","13"
"Eva","89","0","0","22","118","28","20","36"
"Stein","89","11","20","12","5","23","35","8"
"Tor","89","7","4","22","86","114","13","9"
"Stofer","89","1","8","28","0","6","0","0"
"Eli","89","1","2","0","1","0","5","169"
"Stofer","90","0","3","124","1","107","7","3"
"Stein","90","17","0","1","3","0","0","0"
"Tor","90","1","3","119","1","124","17","250"
"Eva","90","4","4","21","108","116","3","61"
"Eli","90","3","6","0","0","101","200","22"
"Eva","94","1","0","79","125","1","0","4"
"Stofer","94","0","74","78","0","23","15","6"
"Stein","95","6","6","7","0","6","19","139"
"Tor","95","7","24","103","78","1","6","0"
"Stofer","92","1","26","8","0","8","10","0"
"Stein","92","6","2","72","164","194","14","178"
"Tor","92","0","0","0","18","20","1","180"
"Eva","92","88","1","81","7","15","0","15"
"Eli","92","5","9","6","86","0","129","152"
"Eli","94","11","9","0","8","0","10","0"
"Eva","95","13","85","83","51","1","0","4"
"Stofer","95","3","1","5","10","0","15","16"
"Eli","95","0","0","0","84","2","149","4"
"Stofer","96","0","7","3","7","0","4","142"
"Eva","96","130","14","6","6","14","3","0"
"Tor","96","31","10","5","0","3","0","168"
"Eli","96","11","0","0","12","6","20","172"
"Stein","97","17","0","97","94","18","1","0"
"Tor","97","7","5","0","6","0","28","205"
"Eva","97","1","9","4","0","168","3","20"
"Eli","97","0","5","131","6","14","0","132"
"Stofer","98","16","14","1","9","77","19","0"
"Stein","98","16","20","21","9","72","89","166"
"Tor","98","0","39","11","9","0","6","175"
"Eva","98","21","0","0","0","116","0","116"
"Eli","98","155","6","26","105","107","15","24"
"Tor","99","4","0","10","89","130","155","4"
"Stein","99","1","31","0","0","105","6","0"
"Eva","99","0","96","136","175","148","40","248"
"Stofer","99","19","89","27","30","0","0","5"
"Eli","99","10","31","84","14","22","172","160"
"Stofer","100","0","0","138","0","267","17","209"
"Stein","100","18","103","10","8","122","135","4"
"Tor","100","1","8","15","147","143","0","0"
"Eva","100","18","5","0","8","22","173","4"
"Eli","100","1","14","19","4","0","131","18"
"Stofer","101","1","9","4","2","172","150","2"
"Stein","101","0","24","20","0","170","74","179"
"Tor","101","18","0","0","71","12","129","19"
"Eva","101","26","26","208","94","13","13","194"
"Eli","101","93","5","19","10","0","0","0"
"Tor","102","0","17","0","112","0","128","0"
"Stein","102","6","5","106","0","183","4","189"
"Eva","102","12","4","76","22","26","10","6"
"Stofer","102","6","4","246","18","4","0","3"
"Eli","102","1","0","152","5","168","4","15"
"Stofer","103","111","20","6","7","104","10","0"
"Stein","103","6","1","1","89","19","40","9"
"Tor","103","1","0","0","9","140","0","36"
"Eva","103","8","6","28","9","0","9","11"
"Eli","103","0","13","20","0","139","120","58"
"Stofer","104","29","7","1","0","18","5","3"
"Eva","104","17","0","200","71","8","20","0"
"Tor","104","0","16","0","141","0","37","106"
"Eli","104","100","1","171","14","108","144","1"
"Stein","104","12","111","5","121","80","0","5"
"Tor","105","82","0","0","201","3","1","10"
"Stein","105","1","6","9","4","0","0","172"
"Eva","105","0","18","12","61","103","20","0"
"Stofer","105","17","37","5","0","23","4","8"
"Eli","105","11","147","9","8","17","11","42"
"Stofer","106","17","28","16","98","12","19","31"
"Stein","106","18","16","12","4","139","0","133"
"Tor","106","18","11","146","9","8","4","107"
"Eva","106","4","0","0","0","128","58","0"
"Eli","106","0","3","11","181","0","1","3"
"Stofer","107","188","12","13","7","54","112","19"
"Stein","107","9","5","66","9","179","0","138"
"Tor","107","65","14","0","0","22","19","10"
"Eva","107","16","0","177","4","0","289","157"
"Eli","107","0","134","15","3","66","140","0"
"Stofer","108","7","1","20","7","26","18","26"
"Stein","108","4","0","8","4","13","8","0"
"Eva","108","0","160","0","0","104","18","53"
"Tor","108","6","1","2","34","0","0","11"
"Eli","108","19","9","11","14","9","20","207"
"Stofer","109","122","139","99","1","138","13","8"
"Stein","109","83","60","0","92","3","9","0"
"Tor","109","26","14","217","1","0","4","21"
"Eva","109","0","78","167","6","120","11","297"
"Eli","109","101","0","14","0","11","0","206"
"Stofer","110","1","0","0","3","110","1","17"
"Eva","110","1","57","24","1","199","0","24"
"Tor","110","1","114","161","3","119","133","0"
"Eli","110","0","109","37","0","0","1","69"
"Stofer","111","143","1","4","0","13","171","3"
"Stein","111","33","3","0","9","22","139","7"
"Eva","111","13","7","198","14","0","69","20"
"Tor","111","0","14","7","105","4","108","0"
"Eli","111","19","0","4","152","243","0","226"
"Stofer","112","1","0","152","124","1","130","0"
"Eli","112","0","153","26","26","199","31","213"
"Lou","112","55","11","147","0","15","230","187"
"Stein","112","113","32","22","89","0","15","217"
"Tor","112","13","93","0","140","7","0","232"
"Eva","112","10","104","25","131","7","157","8"
"Per","112","89","21","75","97","97","114","35"
"Stofer","113","0","38","8","0","9","1","0"
"Eva","113","126","15","0","82","2","0","11"
"Eli","113","47","0","4","12","0","7","1"
"Stofer","114","1","130","10","8","0","11","4"
"Eli","114","73","150","26","94","115","42","17"
"Lou","114","0","86","218","122","14","33","5"
"Stein","114","18","26","0","75","16","0","0"
"Tor","114","109","9","178","0","12","206","10"
"Eva","114","33","0","96","12","7","176","4"
"Per","114","1","17","1","9","95","191","13"
"Stofer","115","88","29","0","103","100","0","4"
"Eva","115","0","0","21","0","102","126","0"
"Eli","115","23","141","31","14","0","90","1"
"Stofer","116","118","0","7","12","11","0","184"
"Stein","116","13","4","27","0","22","168","62"
"Tor","116","6","158","10","19","10","38","0"
"Eva","116","0","13","0","12","3","11","1"
"Eli","116","25","18","3","146","0","1","167"
"Stein","117","5","55","3","0","150","21","0"
"Stofer","117","0","114","46","3","3","31","18"
"Tor","117","5","0","9","1","0","0","164"
"Eli","117","3","100","0","2","110","135","13"
"Stofer","118","101","126","0","82","127","0","3"
"Stein","118","7","6","86","4","153","39","9"
"Tor","118","3","13","126","7","130","152","3"
"Eva","118","0","0","16","78","0","12","0"
"Eli","118","5","3","56","0","154","8","11"
"Stein","119","0","10","20","6","128","167","0"
"Stofer","119","18","0","3","0","10","101","180"
"Tor","119","58","5","0","11","7","0","226"
"Eli","119","85","5","17","4","0","283","7"
"Eva","120","2","4","7","18","135","21","14"
"Stein","120","1","15","14","0","108","0","22"
"Tor","120","0","0","0","12","165","10","0"
"Eli","120","3","5","7","86","0","1","92"
"Eva","121","10","6","103","0","23","0","17"
"Stein","121","18","0","22","2","0","56","9"
"Tor","121","21","78","0","15","138","197","230"
"Eli","121","0","128","132","4","26","6","0"
"Stofer","122","8","12","8","21","0","13","203"
"Tor","122","1","127","27","106","5","0","4"
"Stein","122","1","0","5","0","24","146","3"
"Eva","122","1","20","88","21","143","9","3"
"Eli","122","0","61","0","113","6","15","0"
"Stein","123","1","4","0","169","144","13","276"
"Tor","123","1","136","15","4","8","131","143"
"Eli","123","73","19","31","102","6","121","26"
"Stofer","123","2","0","14","4","0","6","216"
"Eva","123","0","16","3","0","122","99","119"
"Lou","123","24","2","4","106","139","18","232"
"Per","123","174","9","7","1","17","0","0"
"Stofer","124","11","179","13","130","15","134","253"
"Tor","124","17","9","7","128","1","139","185"
"Stein","124","0","14","126","0","0","167","0"
"Eva","124","150","0","0","119","6","126","81"
"Eli","124","12","7","3","144","1","0","10"
"Stein","125","1","3","7","0","6","8","158"
"Tor","125","15","0","0","85","7","174","194"
"Eli","125","35","21","163","74","0","4","0"
"Stofer","125","0","11","156","111","21","17","242"
"Eva","125","99","14","154","124","123","8","7"
"Lou","125","25","23","19","13","16","0","4"
"Per","125","18","7","33","3","102","16","43"
"Stofer","126","0","11","0","25","1","5","5"
"Stein","126","5","3","17","102","15","186","0"
"Tor","126","5","0","149","0","7","0","114"
"Eva","126","7","11","6","19","0","174","138"
"Eli","126","2","9","2","166","140","9","5"
"Stofer","127","4","111","5","98","17","145","169"
"Stein","127","9","30","3","146","5","167","0"
"Tor","127","8","0","16","0","6","21","244"
"Eva","127","4","12","11","14","0","0","108"
"Eli","127","0","28","0","14","183","116","136"
"Stofer","128","17","0","0","184","25","21","0"
"Stein","128","0","2","6","10","28","155","2"
"Tor","128","12","8","123","3","0","17","150"
"Eva","128","5","14","10","0","147","11","176"
"Eli","128","72","3","4","3","6","0","110"
"Stofer","129","10","10","11","74","110","11","0"
"Stein","129","4","0","155","145","0","26","7"
"Tor","129","0","13","115","95","158","33","178"
"Eva","129","9","7","19","11","80","15","13"
"Eli","129","3","7","0","0","20","0","4"
"Stofer","130","23","5","13","0","1","162","134"
"Stein","130","5","9","9","94","0","3","0"
"Tor","130","0","0","3","8","3","32","277"
"Eva","130","81","16","0","107","5","81","32"
"Eli","130","83","14","5","8","2","0","22"
"Stofer","131","43","121","199","14","0","11","1"
"Stein","131","4","20","45","4","162","172","0"
"Tor","131","22","15","0","0","171","0","3"
"Eva","131","0","0","185","120","18","35","1"
"Eli","131","100","111","25","18","104","192","244"
"Stofer","132","77","3","15","13","23","120","246"
"Stein","132","36","161","0","13","0","138","137"
"Tor","132","177","0","60","0","141","133","154"
"Eva","132","28","11","208","25","99","183","6"
"Eli","132","0","136","160","132","122","0","0"
"Stofer","133","3","18","1","88","105","3","20"
"Stein","133","1","0","0","135","161","0","0"
"Tor","133","80","14","26","75","4","142","220"
"Eva","133","2","5","181","9","0","182","144"
"Eli","133","0","15","13","0","2","161","7"
"Stofer","134","0","72","0","1","0","149","2"
"Stein","134","5","11","180","0","170","37","0"
"Tor","134","30","0","100","17","101","0","131"
"Eli","134","1","3","146","8","102","154","2"
"Stofer","135","5","42","89","77","130","3","0"
"Stein","135","1","3","0","144","0","0","190"
"Tor","135","3","0","167","0","166","24","31"
"Eva","135","0","7","14","150","137","11","9"
"Eli","135","76","13","153","89","20","11","186"
"Stofer","136","97","3","30","0","0","19","16"
"Stein","136","14","0","22","8","105","0","123"
"Tor","136","4","26","0","4","10","29","0"
"Eva","136","0","13","13","169","30","120","13"
"Eli","136","13","4","10","4","83","8","231"
"Stofer","137","111","6","0","5","0","0","131"
"Stein","137","32","76","3","0","1","149","151"
"Tor","137","16","0","221","145","224","10","171"
"Eva","137","105","15","21","7","7","25","0"
"Eli","137","0","14","6","11","32","56","80"
"Stofer","138","137","8","26","6","1","97","155"
"Stein","138","8","16","34","0","33","168","97"
"Tor","138","0","0","19","13","177","129","152"
"Eva","138","20","7","0","1","13","189","98"
"Eli","138","6","3","41","96","0","0","0"
"Tor","139","109","1","0","117","113","6","15"
"Eva","139","142","4","104","0","157","148","0"
"Eli","139","9","2","18","115","7","22","5"
"Stofer","139","27","12","17","70","0","0","11"
"Stein","139","13","10","22","27","4","59","247"
"Per","139","0","0","123","161","205","208","4"
"Tor","140","9","0","0","0","158","0","5"
"Eva","140","4","13","1","7","173","15","0"
"Eli","140","0","2","125","119","11","7","16"
"Stein","140","21","3","8","136","37","117","162"
"Stofer","140","96","24","29","1","129","7","157"
"Per","140","1","13","22","20","0","122","10"
"Stofer","141","3","118","209","0","0","0","10"
"Stein","141","0","0","32","157","16","1","10"
"Tor","141","116","12","0","81","25","33","6"
"Eva","141","5","136","163","115","4","18","3"
"Eli","141","21","14","118","5","120","1","0"
"Stofer","142","0","1","13","6","15","1","0"
"Stein","142","6","0","34","15","0","0","15"
"Tor","142","18","35","0","0","149","3","214"
"Eva","142","13","5","18","147","121","3","164"
"Eli","142","10","8","1","76","8","1","144"
"Stofer","143","0","0","17","8","8","3","0"
"Eva","143","49","1","87","0","5","19","67"
"Eli","143","12","4","0","5","0","0","112"
"Stofer","144","2","0","76","0","234","151","14"
"Tor","144","0","152","97","4","0","141","13"
"Stein","144","4","29","142","119","206","118","0"
"Eva","144","2","6","0","12","110","9","3"
"Eli","144","1","18","5","4","106","0","192"
"Stofer","145","0","0","22","1","196","0","210"
"Tor","145","91","7","0","9","129","16","0"
"Stein","145","27","8","45","5","5","20","214"
"Eva","145","7","1","30","0","22","6","5"
"Eli","145","14","8","32","21","0","213","21"
"Stofer","146","17","0","145","93","0","43","0"
"Eva","146","4","152","38","109","1","11","19"
"Tor","146","17","2","10","0","20","20","27"
"Stein","146","0","11","0","162","186","149","221"
"Eli","146","12","6","22","54","99","0","7"
"Stofer","147","10","39","65","24","198","4","27"
"Tor","147","0","99","124","125","174","0","0"
"Stein","147","10","0","0","0","123","190","3"
"Eva","147","22","42","4","94","179","10","214"
"Eli","147","11","192","3","10","0","139","6"
"Stofer","148","1","10","0","17","1","1","5"
"Eva","148","2","8","3","4","14","0","8"
"Tor","148","0","0","4","2","18","25","0"
"Eli","148","1","34","35","0","0","168","18"
"Stofer","149","3","0","0","113","110","15","170"
"Stein","149","0","171","3","0","0","12","189"
"Tor","149","3","1","5","105","1","0","0"
"Eli","149","3","41","29","14","17","27","31"
"Eva","150","0","21","111","8","129","137","225"
"Stein","150","12","0","42","0","4","234","19"
"Tor","150","7","18","156","101","137","0","13"
"Eli","150","1","113","0","11","0","185","0"
"Eva","151","1","0","0","0","113","6","5"
"Tor","151","0","139","6","1","0","0","0"
"Stofer","151","4","103","180","1","175","8","122"
"Eli","151","3","19","5","107","135","1","17"
"Stofer","152","7","10","0","71","7","7","4"
"Eva","152","5","20","7","15","70","0","0"
"Tor","152","28","10","20","0","15","1","13"
"Stein","152","0","0","14","67","0","3","189"
"Eli","152","6","140","9","117","98","8","4"
"Lou","155","5","0","0","138","0","136","18"
"Stein","155","23","6","35","0","16","160","238"
"Eva","154","16","16","20","99","47","18","23"
"Tor","154","22","0","8","16","10","0","0"
"Stofer","154","0","3","0","0","0","11","147"
"Eli","154","79","11","17","93","158","223","97"
"Julie","155","5","7","133","10","150","98","0"
"Tor","155","74","5","57","1","37","117","7"
"Eva","155","0","26","7","1","18","0","3"
"Eva","156","9","8","105","1","11","0","226"
"Tor","156","0","2","107","0","7","125","0"
"Stofer","156","4","0","0","1","0","165","210"
"Eli","156","70","5","19","10","2","111","111"
"Stofer","157","68","143","0","0","1","34","4"
"Stein","157","17","1","5","14","0","164","14"
"Tor","157","6","21","12","168","127","181","10"
"Eva","157","8","0","10","91","1","1","0"
"Eli","157","0","59","25","4","8","0","9"
"Eva","158","0","103","15","114","4","97","0"
"Stein","158","11","20","144","80","1","0","180"
"Tor","158","18","22","115","0","1","145","174"
"Stofer","158","5","0","6","15","0","204","1"
"Eli","158","75","93","0","168","10","76","97"
"Stofer","159","5","1","0","27","146","0","161"
"Eva","159","2","0","4","0","128","259","3"
"Tor","159","4","1","22","202","166","16","0"
"Eli","159","0","2","159","8","0","32","199"
"Stofer","160","0","1","0","18","11","6","0"
"Stein","160","121","10","1","0","0","10","241"
"Tor","160","102","5","171","5","12","4","213"
"Eva","160","61","0","14","9","142","1","8"
"Eli","160","11","8","3","107","20","0","19"
"Eva","161","0","20","17","156","140","5","6"
"Stein","161","9","19","10","21","15","37","13"
"Tor","161","5","103","0","160","28","0","18"
"Stofer","161","5","75","24","0","25","27","130"
"Eli","161","6","0","120","12","0","17","0"
"Stofer","162","197","0","147","0","6","3","123"
"Stein","162","12","3","171","109","4","7","91"
"Eva","162","8","15","74","5","0","220","0"
"Tor","162","0","11","178","12","3","3","196"
"Eli","162","13","33","0","22","14","0","130"
"Stofer","163","4","1","0","0","121","185","198"
"Stein","163","0","38","23","151","12","9","9"
"Tor","163","122","32","5","155","7","7","219"
"Eva","163","15","0","8","15","0","37","196"
"Eli","163","12","1","25","22","162","0","0"
"Eva","164","85","13","37","108","42","6","19"
"Stein","164","0","3","22","120","144","0","142"
"Tor","164","35","6","18","3","0","6","4"
"Stofer","164","8","0","0","0","12","3","0"
"Eli","164","7","3","113","13","19","7","212"
"Stofer","165","0","36","124","11","0","149","19"
"Stein","165","6","20","0","11","7","100","11"
"Tor","165","1","0","134","101","192","167","0"
"Eva","165","1","22","13","123","130","0","213"
"Eli","165","7","1","96","0","32","150","167"
"Lou","168","81","22","28","11","160","0","214"
"Stofer","168","0","0","80","135","3","39","115"
"Eva","168","4","92","95","5","11","5","115"
"Eva","167","0","30","0","0","14","180","12"
"Stofer","167","6","0","1","78","0","0","313"
"Lou","167","6","3","12","14","16","84","9"
"Tor","167","92","22","11","21","23","85","167"
"Eli","167","17","11","4","121","103","116","172"
"Per","167","17","4","1","7","8","169","0"
"Tor","168","100","5","8","9","3","25","0"
"Stein","168","88","5","162","0","17","236","32"
"Per","168","11","10","0","182","0","6","152"
"Eva","169","14","1","26","15","88","21","129"
"Stein","169","13","3","4","0","4","140","171"
"Tor","169","7","28","5","99","0","30","0"
"Stofer","169","0","0","21","10","206","4","147"
"Eli","169","15","15","0","7","19","0","116"
"Eva","173","80","105","31","0","23","0","164"
"Tor","173","7","23","21","3","16","10","27"
"Stein","173","0","183","91","13","41","241","13"
"Stofer","173","8","0","0","108","30","8","28"
"Eva","171","74","102","164","0","18","19","46"
"Stofer","171","7","39","3","169","7","181","0"
"Lou","171","1","0","173","27","179","0","5"
"Tor","171","0","153","21","11","127","7","47"
"Stein","171","11","12","16","115","0","6","164"
"Per","171","72","10","0","8","6","21","38"
"Eva","172","9","16","9","99","19","8","36"
"Stein","172","4","118","30","0","6","155","0"
"Tor","172","16","0","0","112","0","134","8"
"Stofer","172","0","10","1","4","114","87","203"
"Eli","172","4","22","9","16","31","0","4"
"Eli","173","16","4","1","12","0","6","0"
"Stofer","174","0","5","5","1","104","150","6"
"Stein","174","51","9","39","0","0","22","10"
"Tor","174","62","19","0","10","79","0","13"
"Eva","174","12","0","21","21","59","164","173"
"Eli","174","72","3","13","12","93","153","0"
"Tor","175","0","3","29","1","106","180","11"
"Stofer","175","5","0","23","79","149","13","1"
"Stein","175","12","3","0","10","1","0","0"
"Eli","175","5","23","118","0","0","117","1"
"Stein","180","16","0","5","136","117","22","127"
"Stofer","180","175","17","0","1","13","16","0"
"Tor","178","0","19","0","0","17","173","0"
"Stofer","178","6","0","5","109","148","134","7"
"Stein","178","2","17","1","1","9","0","17"
"Eli","178","1","95","29","4","0","8","6"
"Stofer","179","0","1","0","150","4","6","0"
"Stein","179","146","116","132","4","137","0","4"
"Tor","179","63","32","179","0","0","35","3"
"Eva","179","121","0","48","56","201","2","30"
"Eli","179","10","9","4","1","4","17","5"
"Tor","180","6","12","1","137","30","5","170"
"Eva","180","8","121","3","5","237","0","124"
"Eli","180","0","22","4","0","0","42","147"
"Tor","181","7","0","16","8","0","188","0"
"Stofer","181","197","156","0","0","118","0","225"
"Eva","181","18","85","4","4","1","157","26"
"Eli","181","0","97","100","94","163","143","97"
"Stofer","182","1","0","189","0","0","149","35"
"Stein","182","2","122","95","9","21","228","0"
"Eva","182","0","117","132","24","212","40","242"
"Tor","182","23","150","9","131","124","12","165"
"Eli","182","8","7","0","15","22","0","111"
"Tor","183","1","21","110","0","122","1","206"
"Stofer","183","0","6","149","109","0","4","158"
"Eva","183","20","6","6","130","78","3","0"
"Eli","183","6","0","0","118","172","0","250"
"Stofer","184","5","9","9","141","0","5","7"
"Stein","184","14","39","43","10","19","0","0"
"Eva","184","84","128","17","146","172","50","180"
"Tor","184","3","0","25","17","9","154","5"
"Eli","184","0","22","0","0","137","20","3"
"Tor","185","90","22","29","11","0","0","133"
"Stofer","185","0","0","185","1","12","141","0"
"Eva","185","64","115","0","0","144","83","162"
"Eli","185","14","11","126","104","4","1","142"
"Stofer","186","1","0","0","9","160","4","0"
"Stein","186","0","15","88","9","132","0","15"
"Eva","186","1","10","84","0","178","250","10"
"Tor","186","5","1","153","102","92","133","1"
"Eli","186","1","3","18","74","0","108","118"
"Tor","187","26","19","0","2","0","0","15"
"Stofer","187","114","164","5","0","17","122","0"
"Eva","187","13","0","3","15","134","102","145"
"Eli","187","0","32","130","1","1","129","20"
"Eva","188","0","10","26","0","27","0","125"
"Stein","188","4","21","18","20","61","9","129"
"Tor","188","9","9","18","192","0","2","151"
"Stofer","188","7","17","14","162","167","7","0"
"Eli","188","1","0","0","10","6","214","47"
"Stofer","189","104","121","3","16","0","222","5"
"Stein","189","14","225","18","4","144","30","141"
"Eva","189","21","137","49","1","157","112","0"
"Tor","189","0","0","0","0","78","44","3"
"Eli","189","101","74","12","7","78","0","34"
"Stofer","190","76","13","18","115","3","0","88"
"Eva","190","51","142","152","0","0","10","267"
"Tor","190","21","0","0","82","241","108","189"
"Krog","190","75","16","123","111","85","130","30"
"Stein","190","11","15","18","137","75","5","0"
"Eli","190","0","4","19","22","74","204","173"
"Stofer","191","0","0","0","1","0","0","0"
"Stein","191","11","15","101","1","209","144","177"
"Eva","191","161","15","136","127","116","94","15"
"Tor","191","10","8","154","3","42","133","4"
"Eli","191","1","124","7","0","5","127","6"
"Stofer","192","2","108","0","77","20","174","4"
"Per","192","3","17","184","1","2","17","3"
"Stein","192","1","4","34","0","5","31","1"
"Eva","192","2","21","24","159","98","18","216"
"Tor","192","4","31","34","176","0","0","7"
"Eli","192","0","0","7","6","6","163","0"
"Stofer","193","16","109","7","0","8","149","14"
"Eva","193","6","99","0","22","75","6","9"
"Tor","193","2","0","194","121","0","0","9"
"Krog","193","84","38","10","1","132","9","2"
"Stein","193","0","96","1","81","141","207","8"
"Eli","193","16","20","30","3","19","104","0"
"Stein","194","0","0","0","0","0","6","2"
"Eva","194","16","94","226","42","65","25","180"
"Tor","194","3","104","28","9","35","0","211"
"Stofer","194","3","60","10","8","147","23","24"
"Eli","194","3","15","9","124","4","13","0"
"Eva","195","14","181","2","11","21","10","220"
"Tor","195","10","20","4","9","8","4","25"
"Stein","195","0","0","3","1","1","0","225"
"Stofer","195","7","12","3","149","3","6","22"
"Eli","195","5","25","0","0","0","113","0"
"Eva","196","0","146","152","1","30","182","0"
"Tor","196","16","5","168","0","94","203","274"
"Stein","196","68","21","35","10","0","188","5"
"Stofer","196","125","6","0","92","163","19","82"
"Eli","196","14","0","19","85","16","0","106"
"Stofer","198","9","30","1","156","34","0","163"
"Stein","198","105","0","21","145","19","3","0"
"Tor","198","17","6","0","0","0","7","11"
"Eva","198","0","22","4","121","10","1","39"
"Eli","198","9","1","9","26","129","9","181"
"Stofer","199","2","5","244","0","1","0","0"
"Eli","199","1","19","163","104","0","176","137"
"Per","199","0","0","0","7","10","6","216"
"Stofer","200","0","6","10","123","170","1","1"
"Eli","200","5","0","0","25","73","0","1"
"Per","200","5","1","101","0","0","8","0"
"Stofer","201","3","0","5","115","145","0","14"
"Eli","201","0","3","0","78","126","153","0"
"Per","201","2","117","28","0","0","149","3"
"Stofer","202","0","5","0","0","0","246","5"
"Eli","202","23","5","137","123","154","1","105"
"Eva","202","75","29","60","19","45","19","8"
"Stein","202","10","0","112","133","64","0","4"
"Per","202","5","1","212","134","175","33","0"
"Stofer","203","0","8","89","77","1","127","0"
"Eli","203","19","1","21","88","1","76","136"
"Per","203","11","0","0","0","0","0","143"
"Stofer","204","4","96","5","3","100","29","14"
"Eli","204","0","0","81","0","0","183","20"
"Per","204","19","126","0","144","16","0","0"
"Eli","205","10","70","94","92","72","0","159"
"Stofer","205","0","0","0","27","33","178","209"
"Per","205","129","122","102","0","0","131","0"
"Stein","206","5","21","3","2","5","13","8"
"Stofer","206","3","0","0","20","14","11","10"
"Eli","206","5","19","225","6","0","0","0"
"Tor","206","0","1","7","2","8","25","3"
"Per","206","3","4","17","0","193","107","13"
"Eva","207","15","31","5","0","3","107","261"
"Eli","207","10","0","20","97","154","0","0"
"Stofer","207","0","80","7","62","16","4","25"
"Stein","207","1","12","0","10","0","163","3"
"Tor","207","64","12","20","6","13","198","3"
"Per","207","17","17","146","115","172","166","10"
"Eli","208","102","65","120","94","131","172","18"
"Stofer","208","0","114","7","0","14","0","179"
"Per","208","104","0","0","66","0","152","0"
"Stofer","211","3","0","17","9","5","5","5"
"Stein","211","15","87","20","30","146","0","10"
"Tor","211","0","10","9","141","3","209","175"
"Eva","211","1","12","22","0","0","168","18"
"Eli","210","11","1","8","10","110","4","0"
"Stofer","210","0","0","0","0","125","2","128"
"Per","210","18","6","34","20","0","0","210"
"Eli","211","82","11","0","40","98","3","0"
"Eli","212","2","1","5","0","0","0","1"
"Stofer","212","2","20","10","141","3","175","153"
"Eva","212","6","30","0","184","23","168","18"
"Per","212","0","0","10","16","4","1","0"
"Stofer","213","134","26","7","86","0","10","3"
"Eli","213","33","36","0","24","147","108","0"
"Eva","213","76","14","32","14","181","0","22"
"Tor","213","18","5","20","0","92","163","15"
"Stein","213","4","0","113","12","26","21","8"
"Per","213","0","9","6","110","127","154","18"
"Stein","214","0","41","29","4","0","127","20"
"Eli","214","1","15","30","21","3","207","3"
"Stofer","214","1","0","22","0","195","0","0"
"Per","214","1","8","0","161","14","172","5"
"Eva","215","136","63","131","74","84","31","13"
"Tor","215","27","0","16","0","0","164","6"
"Stein","215","0","12","16","111","112","0","17"
"Stofer","215","59","28","23","171","2","235","188"
"Eli","215","8","6","0","11","156","27","0"
"Eva","216","14","90","1","4","111","1","0"
"Eli","216","10","17","0","1","0","1","130"
"Stofer","216","0","15","6","7","1","0","230"
"Per","216","9","0","3","0","1","10","18"
"Eva","217","2","16","156","23","123","139","9"
"Tor","217","6","7","18","26","20","14","0"
"Stein","217","7","29","12","3","0","6","9"
"Stofer","217","3","0","0","0","168","0","3"
"Eli","217","0","5","173","121","174","4","13"
"Per","218","4","3","15","11","95","0","245"
"Stofer","218","0","0","0","0","164","199","0"
"Eli","218","2","11","92","6","0","26","131"
"Stofer","219","2","1","0","9","0","0","28"
"Per","219","0","0","12","0","8","165","0"
"Eli","219","27","4","1","4","12","180","170"
"Eli","221","0","2","6","2","9","7","0"
"Stofer","221","8","0","16","1","164","0","20"
"Per","221","7","47","0","0","0","1","145"
"Stofer","222","0","112","158","21","16","35","3"
"Per","222","8","128","0","0","208","14","0"
"Laia","222","10","0","25","98","5","0","15"
"Jon","222","5","119","145","8","78","214","14"
"Eli","222","1","4","10","20","0","186","210"
"Stein","223","72","5","66","71","95","149","0"
"Eva","223","206","19","179","77","123","97","50"
"Tor","223","22","8","137","13","123","122","20"
"Per","223","3","4","4","0","79","31","186"
"Stofer","223","0","9","135","110","125","2","150"
"Eli","223","30","0","0","132","0","0","175"
"Stofer","224","0","0","0","185","58","25","130"
"Per","224","134","1","144","4","0","4","0"
"Eli","224","19","23","172","0","66","0","51"
"Eva","225","10","4","0","84","29","150","264"
"Tor","225","0","0","204","4","129","75","93"
"Stein","225","8","12","17","0","0","11","127"
"Stofer","225","5","9","11","3","0","0","7"
"Eli","225","3","18","152","29","5","131","0"
"Stein","228","110","26","0","4","215","161","0"
"Tor","228","20","0","38","1","8","14","147"
"Eva","228","18","124","31","15","3","8","187"
"Eva","227","23","123","150","0","136","20","176"
"Anne","227","4","13","14","92","0","16","147"
"Tor","227","1","0","0","117","91","1","134"
"Stein","227","0","33","18","22","111","180","0"
"Stofer","227","74","12","6","23","234","0","164"
"Eli","227","11","20","7","3","91","3","238"
"Stofer","228","0","118","146","8","3","20","147"
"Eli","228","157","14","1","0","0","0","119"
"Eva","229","98","23","0","93","0","4","6"
"Tor","229","3","115","8","12","4","8","6"
"Stein","229","19","41","9","11","5","1","0"
"Stofer","229","4","9","1","0","4","2","185"
"Eli","229","0","0","12","88","20","0","29"
"Eva","230","156","1","132","0","0","243","3"
"Tor","230","25","17","22","173","1","12","10"
"Stein","230","130","104","59","32","159","188","1"
"Stofer","230","0","12","5","2","29","20","1"
"Eli","230","117","0","0","150","20","0","0"
"Eva","231","5","23","41","16","10","109","200"
"Tor","231","1","6","4","2","0","94","19"
"Stein","231","0","1","22","1","28","163","0"
"Stofer","231","5","0","0","1","5","0","24"
"Eli","231","3","14","6","0","6","3","30"
"Eva","232","137","9","8","6","0","0","187"
"Tor","232","8","0","0","1","7","15","138"
"Stein","232","0","11","30","0","16","166","201"
"Stofer","232","76","1","20","157","37","188","26"
"Eli","232","6","47","24","3","6","107","0"
"Eli","234","66","84","71","1","155","154","19"
"Tor","235","0","24","33","0","0","92","7"
"Eva","235","21","0","155","9","16","44","0"
"Stein","235","1","29","103","182","30","6","230"
"Stofer","235","6","5","5","114","25","0","5"
"Eli","235","9","148","0","111","6","205","6"
"Tor","236","10","36","131","114","37","164","15"
"Eva","236","3","19","208","0","10","131","16"
"Stein","236","0","6","125","13","1","0","0"
"Stofer","236","17","0","161","109","0","18","13"
"Eli","236","26","25","0","4","1","173","21"
"Stofer","238","129","0","10","6","10","1","4"
"Stein","238","12","3","58","6","0","22","5"
"Eva","238","22","11","98","145","12","0","14"
"Tor","238","0","1","18","22","15","142","0"
"Eli","238","5","1","0","0","1","192","6"
"Tor","239","22","6","167","162","177","30","3"
"Eva","239","1","13","18","4","132","145","226"
"Stein","239","11","4","111","0","33","30","13"
"Stofer","239","1","0","22","1","0","0","0"
"Eli","239","0","60","0","109","105","33","10"
"Tor","240","0","0","0","0","0","100","9"
"Eva","240","14","20","47","81","93","116","147"
"Stein","240","108","10","34","65","94","4","25"
"Stofer","240","14","40","106","113","13","33","0"
"Eli","240","5","8","10","11","18","0","16"
"Ove","241","13","7","18","10","103","156","0"
"Tor","241","6","1","27","181","27","98","22"
"Eva","241","0","11","40","0","0","101","240"
"Stein","241","11","4","33","21","121","4","17"
"Stofer","241","6","0","0","127","180","0","13"
"Eli","241","1","1","209","11","164","26","107"
"Tor","242","157","0","34","1","26","158","218"
"Eva","242","118","33","125","0","20","200","161"
"Stein","242","28","58","24","15","0","45","194"
"Stofer","242","89","1","0","5","5","0","29"
"Eli","242","0","8","10","1","12","26","0"
"Tor","243","2","1","51","1","32","20","3"
"Eva","243","8","11","144","120","7","17","19"
"Stein","243","0","1","31","0","6","0","11"
"Stofer","243","5","1","4","9","9","1","0"
"Eli","243","12","0","0","108","0","30","16"
"Tor","244","17","7","178","0","18","6","1"
"Eva","244","60","19","0","218","5","62","6"
"Stein","244","0","152","40","60","6","0","0"
"Stofer","244","72","0","196","5","8","1","229"
"Eli","244","7","13","15","95","0","3","12"
"Tor","245","0","6","39","41","109","6","26"
"Eva","245","15","20","43","32","30","2","111"
"Stein","245","96","0","40","0","74","7","0"
"Stofer","245","11","65","0","111","125","0","138"
"Eli","245","2","4","28","9","0","3","132"
"Tor","246","1","56","0","1","12","108","4"
"Eva","246","2","37","40","0","0","140","0"
"Stein","246","0","203","6","129","17","129","45"
"Stofer","246","5","165","4","17","22","0","5"
"Eli","246","8","0","54","5","25","127","14"
"Tor","247","0","130","12","235","12","7","229"
"Eva","247","2","186","14","100","2","38","10"
"Stein","247","1","15","105","12","29","0","0"
"Stofer","247","79","0","0","0","0","241","18"
"Eli","247","5","93","9","106","169","13","13"
"Tor","248","12","5","21","0","136","163","12"
"Eva","248","87","0","63","7","9","141","31"
"Stein","248","9","125","29","4","0","0","0"
"Stofer","248","0","171","0","14","137","29","32"
"Eli","248","9","8","149","5","4","15","4"
"Tor","249","1","0","22","135","177","170","0"
"Eva","249","0","8","41","143","209","90","241"
"Stein","249","5","27","146","20","0","6","181"
"Stofer","249","4","10","0","0","3","8","2"
"Eli","249","1","1","188","156","16","0","2"
"Tor","250","0","6","15","0","28","36","20"
"Eva","250","83","0","4","9","9","50","14"
"Stein","250","100","10","6","3","4","173","43"
"Stofer","250","203","1","3","4","0","133","4"
"Eli","250","9","8","0","123","4","0","0"
"Tor","251","0","140","60","94","15","0","12"
"Eva","251","33","7","42","0","34","46","0"
"Stein","251","149","44","23","15","36","11","50"
"Eli","251","19","0","0","102","0","11","18"
"Tor","252","8","0","32","13","53","7","0"
"Eva","252","8","4","9","14","24","10","267"
"Stein","252","0","147","100","0","0","12","24"
"Stofer","252","5","3","0","92","105","0","8"
"Eli","252","9","21","8","23","107","193","9"
"Tor","253","19","0","0","0","0","17","284"
"Eva","253","0","145","6","81","7","26","14"
"Stein","253","125","14","13","20","16","10","5"
"Stofer","253","90","24","17","119","124","0","163"
"Eli","253","16","8","7","13","110","27","0"
"Tor","254","6","152","0","80","11","183","12"
"Eva","254","5","11","3","13","43","3","143"
"Stein","254","0","27","10","130","0","20","100"
"Stofer","254","16","141","3","28","128","0","0"
"Eli","254","11","0","11","0","3","25","161"
"Tor","255","12","4","9","62","142","2","0"
"Eva","255","1","16","0","12","122","37","14"
"Stein","255","0","5","164","0","0","7","7"
"Stofer","255","68","0","23","242","14","1","7"
"Eli","255","3","34","9","28","26","0","1"
"Tor","256","0","15","19","0","7","5","4"
"Eva","256","121","29","21","22","12","197","176"
"Stein","256","137","0","6","139","3","15","112"
"Stofer","256","52","28","16","143","0","1","2"
"Eli","256","15","121","0","17","21","0","0"
"Tor","257","3","20","0","20","114","0","146"
"Eva","257","3","0","26","8","154","17","10"
"Stein","257","0","20","4","0","0","4","8"
"Eli","257","15","59","4","6","146","15","0"
"Tor","258","11","29","0","0","0","0","1"
"Eva","258","11","22","104","15","4","9","11"
"Stein","258","0","43","194","3","29","130","0"
"Eli","258","3","0","34","6","10","22","20"
"Tor","259","2","6","12","0","0","6","8"
"Eva","259","6","46","14","107","4","0","125"
"Stein","259","5","0","0","4","3","27","235"
"Stofer","259","0","3","58","29","4","63","0"
"Eli","259","13","8","15","10","22","188","18"
"Tor","260","8","5","196","0","30","11","147"
"Eva","260","6","0","128","29","0","160","155"
"Stein","260","0","1","18","187","29","0","0"
"Stofer","260","63","74","28","41","10","21","140"
"Eli","260","23","169","0","5","11","280","109"
"Stein","262","67","1","2","122","12","258","10"
"Eva","262","125","22","0","124","100","28","20"
"Tor","262","0","0","11","0","150","0","4"
"Eli","262","80","13","8","5","0","10","6"
"Stofer","262","150","1","7","23","100","154","43"
"Per","262","13","173","3","8","3","150","0"
"Tor","263","5","4","5","11","112","25","175"
"Eva","263","6","69","33","0","40","172","24"
"Stein","263","6","0","147","115","0","0","0"
"Per","263","0","94","0","8","204","9","21"
"Stofer","263","110","13","23","3","100","158","74"
"Eli","263","21","23","17","13","7","11","153"
"Stein","264","16","4","3","3","105","0","22"
"Stofer","264","20","0","74","11","52","4","26"
"Tor","264","9","3","206","101","16","122","164"
"Per","264","2","153","10","0","0","218","0"
"Eva","264","3","17","16","162","25","211","6"
"Eli","264","0","86","0","94","89","8","26"
"Tor","265","20","13","22","16","34","177","40"
"Eva","265","8","27","23","6","127","0","200"
"Stein","265","5","80","3","127","15","2","9"
"Stofer","265","10","0","26","0","0","93","0"
"Eli","265","0","11","0","11","6","16","248"
"Tor","266","0","3","11","7","15","145","17"
"Stein","266","1","0","17","118","0","226","7"
"Eva","266","2","40","7","1","23","18","21"
"Stofer","266","1","22","0","2","141","0","0"
"Eli","266","13","48","12","0","136","43","26"
"Tor","267","0","43","6","0","128","14","21"
"Stein","267","35","0","28","107","1","14","0"
"Eva","267","30","21","43","14","0","0","4"
"Stofer","267","7","26","0","9","198","9","19"
"Eli","267","9","52","3","96","115","8","197"
"Tor","268","7","14","0","5","0","14","19"
"Stein","268","1","6","203","5","192","19","24"
"Eva","268","11","0","16","97","16","4","0"
"Stofer","268","0","53","22","0","5","24","224"
"Eli","268","13","115","8","1","20","0","8"
"Stofer","269","5","0","174","0","0","5","94"
"Stein","269","6","139","11","22","29","14","7"
"Tor","269","0","29","0","182","246","4","179"
"Eva","269","5","32","240","66","149","0","0"
"Eli","269","1","9","153","102","5","3","162"
"Eva","271","9","21","128","15","0","6","4"
"Tor","271","123","20","152","25","148","33","0"
"Stein","271","99","24","29","0","18","114","10"
"Stofer","271","0","0","0","3","1","0","193"
"Eli","271","12","6","95","3","7","14","38"
"Stofer","272","12","112","15","0","20","0","155"
"Stein","272","0","0","126","6","4","72","0"
"Tor","272","10","32","89","155","0","17","36"
"Eva","272","69","8","0","7","1","38","6"
"Eli","272","69","124","11","106","5","55","153"
"Tor","273","12","65","0","4","132","150","20"
"Eva","273","0","7","48","1","16","34","144"
"Stein","273","116","12","110","1","1","0","164"
"Stofer","273","113","0","128","0","11","219","0"
"Eli","273","6","11","30","14","0","194","27"
"Stein","275","0","0","40","19","13","147","32"
"Eva","275","12","8","3","0","88","149","0"
"Tor","275","18","37","26","1","185","146","166"
"Stofer","275","7","117","0","10","3","12","5"
"Eli","275","6","1","6","1","0","0","9"
"Tor","276","1","12","7","8","0","0","9"
"Eva","276","2","134","143","5","166","24","35"
"Stein","276","4","11","129","3","56","17","260"
"Stofer","276","7","13","145","0","157","195","0"
"Eli","276","0","0","0","8","9","34","220"
"Eva","277","0","201","4","1","0","3","9"
"Stein","277","6","14","144","0","146","0","14"
"Tor","277","6","9","20","140","150","4","0"
"Stofer","277","10","3","0","8","8","5","5"
"Eli","277","3","0","16","123","6","11","133"
"Tor","278","7","19","0","109","89","14","10"
"Eva","278","69","10","140","18","120","25","0"
"Stein","278","10","38","13","0","142","2","223"
"Stofer","278","0","11","6","92","94","0","4"
"Eli","278","21","0","12","28","0","5","2"
"Lou","279","10","0","1","14","156","95","4"
"Josse","279","0","10","0","0","0","9","0"
"Per","279","11","15","130","70","161","0","1"
"Lou","280","122","180","40","192","27","117","70"
"Josse","280","12","24","0","18","7","124","0"
"Per","280","0","0","122","0","0","0","30"
"Lou","281","22","1","13","19","11","97","156"
"Josse","281","7","0","0","86","0","160","157"
"Per","281","0","3","13","0","4","0","0"
"Tor","282","6","1","0","88","22","24","29"
"Eva","282","11","0","214","115","0","3","20"
"Stein","282","7","8","27","0","1","0","170"
"Stofer","282","0","23","13","101","152","167","0"
"Eli","282","83","1","109","112","10","8","1"
"Tor","283","7","0","1","106","0","156","147"
"Eva","283","0","5","1","16","221","130","113"
"Stein","283","5","4","3","0","28","0","0"
"Stofer","283","10","184","0","173","170","205","3"
"Eli","283","11","3","23","32","184","82","17"
"Tor","284","8","0","9","112","139","14","19"
"Eva","284","3","3","25","4","18","106","13"
"Stein","284","3","14","98","32","0","0","11"
"Stofer","284","5","6","0","5","199","14","0"
"Eli","284","0","7","20","0","25","15","5"
"Stein","285","0","21","148","5","3","258","205"
"Eva","285","77","99","116","0","0","1","158"
"Tor","285","2","5","142","61","3","3","192"
"Stofer","285","1","9","82","7","12","0","0"
"Eli","285","1","0","0","5","3","10","1"
"Stein","286","8","20","165","0","0","20","0"
"Eva","286","12","105","101","127","17","184","181"
"Tor","286","0","0","0","5","24","9","154"
"Stofer","286","166","1","12","7","16","0","194"
"Eli","286","12","18","166","156","5","11","178"
"Stein","287","0","10","182","82","0","156","220"
"Ottar","287","162","0","58","17","90","189","17"
"Eva","287","19","15","202","9","168","161","4"
"Lou","287","74","20","36","89","134","106","10"
"Julie","287","32","120","147","140","25","127","0"
"Tor","287","8","151","0","0","5","0","40"
"Lou","288","12","3","0","111","18","101","231"
"Julie","288","1","0","5","1","118","0","0"
"Per","288","0","15","15","0","0","148","181"
"Lou","289","7","15","0","0","94","0","4"
"Julie","289","9","0","2","11","11","157","155"
"Per","289","0","117","12","7","0","9","0"
"Julie","290","0","143","113","1","18","122","0"
"Stein","290","3","8","12","123","0","0","108"
"Tor","290","1","0","0","0","30","25","139"
"Eva","290","8","12","14","93","157","103","149"
"Julie","291","5","88","0","15","1","0","1"
"Stein","291","5","28","21","0","146","146","0"
"Lou","291","0","91","22","219","0","18","1"
"Tor","291","25","0","134","84","11","34","235"
"Eva","291","13","98","14","195","191","7","16"
"Lou","292","0","0","5","34","144","103","13"
"Julie","292","13","1","66","10","1","0","0"
"Josse","292","16","4","0","0","0","95","4"
"Lou","293","0","0","23","0","7","226","204"
"Julie","293","5","22","0","3","0","0","165"
"Josse","293","10","2","159","9","12","163","0"
"Lou","294","15","5","4","0","96","0","11"
"Oddbjrn","294","10","6","11","109","111","32","0"
"Julie","294","11","1","0","16","112","92","19"
"Solveig","294","0","0","37","4","0","33","162"
"Solveig","295","8","3","3","68","85","115","118"
"Julie","295","0","13","16","94","84","0","0"
"Lou","295","1","0","0","0","0","153","157"
"Solveig","296","5","6","7","51","6","77","1"
"Julie","296","11","0","0","0","0","0","146"
"Lou","296","0","1","1","10","9","154","0"
"Lou","297","0","168","287","9","233","95","207"
"Julie","297","15","33","0","0","52","0","115"
"Per","297","210","0","116","2","0","19","0"
"Lou","298","1","2","30","0","5","19","8"
"Julie","298","2","2","3","160","0","20","173"
"Per","298","0","0","0","83","79","0","0"
"Lou","300","1","0","0","69","9","1","9"
"Josse","300","3","17","3","0","0","0","0"
"Julie","300","7","26","15","9","123","14","4"
"Per","300","0","4","3","119","14","5","12"
"Julie","301","29","0","1","0","0","61","0"
"Josse","301","9","33","6","3","22","0","42"
"Lou","301","0","105","0","5","11","272","164"
"Per","301","12","10","7","1","20","150","208"
"Lou","302","46","7","1","0","168","170","308"
"Josse","302","11","97","0","12","0","0","4"
"Per","302","0","0","8","10","80","193","0"
"Lou","303","6","7","33","101","200","160","46"
"Josse","303","8","0","0","131","72","145","0"
"Per","303","0","3","151","0","0","0","221"
"Lou","304","3","1","3","101","3","23","159"
"Julie","304","0","30","7","0","8","6","10"
"Per","304","74","0","0","135","0","0","0"
"Steinar","306","201","14","129","6","83","0","10"
"Inger","306","79","15","15","152","17","97","111"
"Lou","306","27","23","11","155","0","81","303"
"Per","306","0","0","0","0","10","115","0"
"Tor","307","21","21","0","8","99","44","200"
"Eva","307","3","1","160","5","3","10","163"
"Stein","307","3","5","28","84","0","10","143"
"Stofer","307","0","0","168","0","203","198","0"
"Eli","307","167","6","75","4","98","0","253"
"Tor","308","7","8","13","3","0","12","0"
"Eva","308","1","1","216","3","156","29","163"
"Stein","308","0","0","7","0","16","7","5"
"Stofer","308","13","2","28","77","129","8","7"
"Eli","308","7","18","0","19","3","0","25"
"Tor","309","0","0","6","143","13","6","0"
"Eva","309","90","167","164","139","16","0","103"
"Stein","309","19","86","7","31","5","27","184"
"Stofer","309","15","9","0","0","5","4","178"
"Eli","309","2","65","18","188","0","10","225"
"Tor","310","2","1","0","3","0","151","0"
"Eva","310","14","0","176","128","5","0","142"
"Stein","310","3","61","9","20","9","150","146"
"Stofer","310","20","1","4","13","16","111","8"
"Eli","310","0","3","7","0","140","129","193"
"Tor","311","0","4","14","126","102","0","280"
"Eva","311","12","1","18","156","0","166","167"
"Stein","311","3","11","0","20","79","144","145"
"Stofer","311","76","11","117","0","136","140","0"
"Eli","311","3","0","145","105","119","25","20"
"Tor","312","0","39","151","13","0","13","11"
"Eva","312","30","1","19","0","18","0","144"
"Stein","312","72","1","105","3","178","3","0"
"Stofer","312","1","1","6","192","10","9","192"
"Eli","312","10","0","0","3","171","18","17"
"Tor","313","2","28","162","131","128","7","199"
"Eva","313","1","3","127","0","26","0","13"
"Stein","313","0","9","66","215","14","155","6"
"Stofer","313","11","28","15","4","0","102","0"
"Eli","313","4","0","0","86","141","182","4"
"Tor","314","1","0","13","0","160","18","223"
"Eva","314","6","1","4","128","1","0","15"
"Stein","314","6","6","0","28","17","3","0"
"Stofer","314","0","138","19","6","0","14","26"
"Eli","314","11","2","7","100","143","118","20"
"Tor","315","2","14","12","4","209","5","9"
"Eva","315","1","0","0","0","75","1","232"
"Stein","315","10","163","8","97","3","0","7"
"Stofer","315","0","3","44","14","0","28","16"
"Eli","315","11","1","4","9","4","105","0"
"Tor","316","120","0","43","136","167","12","165"
"Lou","316","9","100","4","133","5","0","81"
"Eva","316","0","13","0","23","143","4","218"
"Stein","316","12","10","1","0","134","6","0"
"Eli","316","15","1","129","22","0","2","197"
"Lou","317","12","0","0","6","7","1","148"
"Josse","317","11","5","10","3","0","1","0"
"Per","317","0","4","20","0","113","0","39"
"Lou","318","10","8","15","72","232","167","162"
"Josse","318","4","5","0","28","78","0","118"
"Per","318","0","0","14","0","0","13","0"
"Grete M","319","31","29","0","127","139","20","31"
"Jostein","319","39","4","1","17","1","47","43"
"Lou","319","117","0","11","3","125","21","14"
"Per","319","0","1","160","0","0","0","0"
"Grete M","320","0","0","3","95","146","7","0"
"Jostein","320","13","6","161","47","157","129","53"
"Lou","320","17","12","113","10","4","6","141"
"Per","320","24","6","0","0","0","0","236"
"Grete M","321","0","11","12","4","14","7","102"
"Jostein","321","4","9","32","105","0","2","188"
"Lou","321","5","26","14","0","27","0","0"
"Per","321","78","0","0","98","4","23","137"
"Lou","322","4","0","47","0","0","91","6"
"Josse","322","10","8","0","22","11","80","178"
"Per","322","0","11","1","1","5","0","0"
"Lou","323","4","0","5","0","116","0","0"
"Josse","323","2","108","43","5","0","23","3"
"Per","323","0","34","0","74","173","3","159"
"Lou","324","0","6","3","78","11","128","211"
"Josse","324","21","8","15","121","0","121","147"
"Per","324","2","0","0","0","97","0","0"
"Ottar","325","116","5","153","117","163","6","208"
"Lou","325","4","1","99","0","21","9","171"
"Eva","325","0","9","164","16","158","8","190"
"Stofer","325","132","8","8","12","4","160","22"
"Eli","325","1","8","0","150","4","13","6"
"Tor","325","4","0","149","81","8","186","106"
"Stein","325","4","5","157","179","0","143","150"
"Per","325","4","19","4","11","11","0","0"
"Lou","326","0","28","33","11","163","21","0"
"Anne Lise","326","3","15","35","13","139","98","22"
"Tore","326","1","11","82","0","109","0","115"
"Per","326","1","0","0","99","0","148","7"
"Tore","327","17","0","136","53","141","138","235"
"Anne Lise","327","0","1","0","15","132","32","27"
"Lou","327","1","26","127","0","0","0","209"
"Per","327","5","3","125","29","137","133","0"
"Tore","328","10","17","1","5","0","247","131"
"Anne Lise","328","12","0","1","1","23","0","21"
"Lou","328","1","24","27","0","7","47","0"
"Per","328","0","89","0","12","91","20","25"
"Tore","329","76","25","0","0","115","10","0"
"Anne Lise","329","26","0","16","96","0","1","165"
"Lou","329","4","9","27","115","14","0","164"
"Per","329","0","12","3","31","3","15","26"
"Tore","330","0","8","98","0","184","8","8"
"Anne Lise","330","4","9","19","9","173","5","0"
"Lou","330","3","2","22","114","173","12","11"
"Per","330","1","0","0","66","0","0","201"
"Tore","331","17","0","23","0","19","68","113"
"Anne Lise","331","15","179","16","175","27","204","0"
"Lou","331","0","9","19","12","0","157","9"
"Per","331","13","11","0","10","15","0","8"
"Tor","332","4","21","183","126","0","0","17"
"Eva","332","3","0","20","0","5","39","0"
"Lou","332","1","3","17","13","4","217","37"
"Stein","332","16","15","7","143","114","4","84"
"Eli","332","0","9","0","7","5","8","198"
"Lou","333","9","0","0","73","21","19","130"
"Josse","333","10","2","8","0","0","0","147"
"Per","333","0","77","3","144","163","170","0"
"Lou","334","29","6","17","3","0","0","185"
"Josse","334","6","41","12","3","3","5","20"
"Per","334","0","0","0","0","32","16","0"
"Lou","335","13","41","19","3","166","0","60"
"Josse","335","3","0","0","0","0","7","10"
"Per","335","0","9","145","122","12","5","0"
"Lou","336","23","30","0","94","145","174","0"
"Tore ","336","2","2","47","155","117","140","229"
"Josse","336","0","2","4","0","0","152","8"
"Grete M","336","118","0","1","167","156","14","10"
"Jostein","336","1","4","24","8","16","0","11"
"Per","336","42","1","25","92","143","241","5"
"Stofer","337","0","0","7","7","7","120","30"
"Tor","337","5","91","8","0","125","137","185"
"Stein","337","11","17","136","8","88","130","0"
"Eva","337","7","23","29","6","6","108","190"
"Eli","337","5","5","0","1","0","0","122"
"Stofer","338","120","8","163","0","15","23","3"
"Tor","338","81","5","104","180","0","7","0"
"Eva","338","0","86","0","4","114","0","8"
"Stein","338","13","0","169","6","152","200","4"
"Eli","338","48","4","5","24","204","10","21"
"Stein","339","70","106","9","127","0","36","116"
"Eva","339","1","0","15","72","157","231","84"
"Lou","339","7","5","8","4","4","112","110"
"Eli","339","0","110","9","21","12","15","126"
"Stofer","339","117","100","0","0","8","0","0"
"Tor","339","13","5","168","150","121","147","184"
"Per","339","16","15","161","89","5","137","133"
"Stein","340","1","66","4","24","141","167","7"
"Eva","340","0","18","0","1","179","0","220"
"Lou","340","12","159","12","1","0","155","10"
"Eli","340","77","27","22","0","119","170","50"
"Stofer","340","7","128","3","109","88","22","0"
"Tor","340","7","0","22","15","105","8","168"
"Per","340","5","37","12","111","104","150","224"
"Lou","341","92","30","29","13","0","175","88"
"Magny","341","2","1","15","0","78","0","102"
"Magnar","341","0","0","0","6","204","12","78"
"Iren","341","84","15","29","20","128","142","123"
"Per","341","4","13","13","162","4","22","0"
"Lou","342","24","18","21","1","11","150","8"
"Tord","342","8","11","12","0","1","52","166"
"Kirsten","342","12","1","75","73","65","82","73"
"Inger","342","77","77","12","228","10","95","25"
"Ingrid","342","0","2","3","126","84","115","138"
"Natalie","342","89","16","163","5","71","19","0"
"Erland","342","140","0","0","146","0","0","9"
"Per","342","14","122","10","4","160","183","12"
"Kirsten","343","120","61","0","104","118","115","41"
"Tord","343","10","2","92","83","8","128","4"
"Eli","343","15","0","9","125","11","6","15"
"Stofer","343","18","10","17","0","1","0","213"
"Lou","343","4","15","26","22","0","84","0"
"Per","343","0","4","24","4","3","10","9"
"Natalie","344","0","5","16","1","1","0","142"
"Ingrid","344","4","17","12","2","21","164","0"
"Tor","344","7","8","0","1","0","10","206"
"Stein","344","4","15","12","0","192","1","34"
"Eva","344","14","0","118","128","10","2","30"
"Natalie","345","20","25","10","193","16","130","87"
"Ingrid","345","12","11","9","130","4","99","0"
"Tor","345","18","0","24","11","7","0","164"
"Stein","345","10","7","130","0","0","48","133"
"Eva","345","0","11","0","106","13","105","289"
"Per","347","1","4","28","3","0","0","0"
"Eli","347","1","14","35","8","135","212","10"
"Stofer","347","11","0","114","151","118","204","10"
"Lou","347","0","3","0","0","39","171","3"
"Lou","348","17","3","35","3","0","49","146"
"Stofer","348","6","0","133","0","15","109","207"
"Eli","348","1","14","0","3","7","23","60"
"Per","348","0","9","1","3","12","0","0"
"Lou","349","1","8","0","0","0","182","46"
"Stofer","349","3","11","36","78","113","104","0"
"Eli","349","3","77","149","15","4","185","122"
"Eva","349","0","3","1","5","1","15","193"
"Per","349","15","0","52","4","3","0","11"
"Ingrid","351","24","5","7","20","34","17","17"
"Natalie","351","17","1","136","94","160","0","0"
"Stein","351","0","11","16","0","4","13","32"
"Tor","351","13","0","0","21","0","8","7"
"Stein","352","0","0","2","9","12","0","0"
"Natalie","352","3","4","98","0","87","163","196"
"Ingrid","352","20","3","20","9","0","43","10"
"Tor","352","2","35","0","4","1","6","4"
"Tor","353","113","0","8","4","165","107","13"
"Stein","353","9","6","0","0","106","6","0"
"Ingrid","353","0","15","27","3","0","141","148"
"Natalie","353","78","125","25","4","1","0","133"
"Lou","354","15","6","11","0","6","131","43"
"Kirsten","354","0","0","143","12","183","182","191"
"Ruth","354","35","4","81","1","6","140","104"
"Bjrg","354","26","3","103","101","89","0","141"
"Per","354","23","8","0","136","0","153","0"
"Harry","355","19","17","19","12","3","0","0"
"Josse","355","11","36","37","0","0","205","1"
"Lou","355","0","0","7","22","150","8","12"
"Per","355","27","4","0","95","3","37","6"
"Harry","356","4","2","11","66","145","5","3"
"Josse","356","1","0","0","0","0","12","0"
"Lou","356","4","1","23","126","7","1","7"
"Per","356","0","11","182","21","12","0","6"
"Lou","357","1","34","4","128","22","0","0"
"Jeff","357","3","7","14","8","2","5","1"
"Pauline","357","1","89","0","79","130","77","11"
"Per","357","0","0","7","0","0","6","172"
"Lou","358","0","1","0","0","7","5","234"
"Jeff","358","19","9","135","15","103","0","0"
"Pauline","358","32","75","15","108","0","160","90"
"Per","358","1","0","18","9","35","18","171"
"Lou","359","0","38","0","0","131","53","7"
"Pauline","359","6","13","8","4","0","3","124"
"Jeff","359","13","78","5","14","1","92","0"
"Per","359","15","0","3","145","103","0","3"
"Pauline","360","4","0","0","0","0","80","159"
"Jeff","360","0","1","3","79","72","136","2"
"Lou","360","23","27","40","1","132","11","12"
"Per","360","6","21","3","1","104","0","0"
"Pauline","361","5","13","1","126","9","9","0"
"Jeff","361","12","0","0","60","10","0","151"
"Lou","361","0","4","37","22","10","9","260"
"Per","361","21","9","10","0","0","133","130"
"Lou","362","32","6","1","5","13","0","7"
"Pauline","362","23","11","87","0","0","6","6"
"Jeff","362","0","0","0","1","89","9","0"
"Per","362","19","26","143","1","11","5","1"
"Lou","363","0","21","3","0","3","10","21"
"Pauline","363","1","7","0","152","8","6","0"
"Jeff","363","6","0","120","17","0","0","158"
"Per","363","1","28","2","24","93","188","16"
"Pauline","364","5","10","54","69","4","13","5"
"Jeff","364","0","0","0","6","0","8","0"
"Lou","364","8","19","39","121","160","25","214"
"Per","364","2","115","122","0","8","0","117"
"Pauline","365","14","11","8","15","7","4","201"
"Jeff","365","0","28","162","5","2","0","0"
"Lou","365","1","153","10","6","1","51","39"
"Per","365","1","0","0","0","0","157","15"
"Jeff","366","5","2","47","119","3","0","0"
"Pauline","366","19","6","6","3","6","23","12"
"Lou","366","0","5","0","0","0","6","24"
"Per","366","8","0","19","14","113","170","217"
"Jeff","367","4","24","186","118","0","128","108"
"Pauline","367","0","1","36","72","7","0","198"
"Lou","367","37","0","0","0","140","8","68"
"Per","367","5","7","4","8","11","4","0"
"Stofer","368","2","190","215","112","218","219","13"
"Tor","368","0","102","10","7","10","0","0"
"Lou","368","106","60","20","109","134","201","1"
"Stein","368","12","86","7","127","151","142","1"
"Eli","368","3","0","35","10","0","32","154"
"Per","368","2","101","0","0","14","4","157"
"Stofer","369","1","0","139","103","0","3","39"
"Tor","369","1","10","14","11","113","13","29"
"Lou","369","4","15","0","116","163","230","9"
"Stein","369","0","10","130","0","40","170","122"
"Eli","369","9","3","7","92","10","3","160"
"Per","369","2","29","1","88","17","0","0"
"Eli","371","6","124","11","147","22","0","227"
"Stein","371","8","18","171","0","39","3","0"
"Lou","371","6","0","7","8","0","6","186"
"Tor","371","2","6","0","1","6","4","172"
"Stofer","371","1","21","4","14","9","1","13"
"Per","371","0","9","4","143","16","7","182"
"Kari","372","2","2","1","113","28","149","11"
"Edmund","372","3","16","1","14","0","15","3"
"Lou","372","3","0","8","4","1","21","0"
"Per","372","0","7","0","0","22","0","226"
"Lou","373","1","0","29","83","150","6","157"
"Josse","373","0","25","22","0","8","0","159"
"Per","373","1","2","0","95","0","6","0"
"Lou","374","9","156","27","126","138","266","55"
"Josse","374","0","31","0","0","0","109","0"
"Per","374","69","0","26","12","166","0","195"
"Josse","375","10","16","3","138","0","187","187"
"Harry","375","0","0","12","57","2","164","12"
"Lou","375","37","11","13","9","4","26","0"
"Per","375","13","10","0","0","16","0","16"
"Josse","376","2","0","0","84","10","2","26"
"Kaja","376","22","172","3","0","0","0","5"
"Lou","376","0","23","6","5","45","264","0"
"Per","376","1","4","4","5","10","7","1"
"Josse","377","0","3","32","7","6","132","15"
"Kaja","377","21","41","11","4","3","24","4"
"Lou","377","1","18","7","0","0","13","0"
"Per","377","8","0","0","150","10","0","20"
"Oddbjrn","378","3","0","10","76","0","0","0"
"Solveig","378","0","64","0","3","6","5","8"
"Lou","378","5","5","3","0","1","16","9"
"Per","378","18","3","27","6","4","21","181"
"Oddbjrn","379","18","19","3","32","0","3","12"
"Solveig","379","3","120","0","0","23","1","0"
"Lou","379","0","69","4","145","48","5","34"
"Per","379","3","0","1","21","139","0","11"